西方哲学流派及其反思,MARX026614
GIS应用系统课程设计,9990653
企业实习和专业实践,9990666
英美文学作品选读,05020000
客户关系管理,0673048
城乡规划概论,0981003
思想政治教育导论,MARX022614
图像处理软件应用,SoAD022512
山岭隧道,0173053
计算机联锁实验,3273348
保险精算数学,1273024
人机交互技术实验,0474019
项目融资,0673102
控制测量与平差实习,9990472
翻译实践实习,9990518
舞蹈形体训练,SHUM023515
材料科学基础实验方法Ⅰ,1073022
巴蜀建筑与文化,SoAD027514
微波理论与技术实验,3143372
人因学,2051020
英语语言技能实践,SoFL009713
电气工程概论,0383016
环境心理学,7046750
铁路选线与设计,0571002
管理学原理,0671051
模拟电子技术,3122200
电力电子技术（含实验）,3273488
数学软件与实践,MATH009213
消防安全工程,0573025
运输会计基础,3273452
税法,0671060
空间数据工程实习,9990651
测控系统设计与应用,3273146
材料焊接性,1081007
德语视听说AIV,0871123
毕业设计（论文）-翻译,2673046
微纳先进制造前沿,MECE003814
辩论与论辩,SHUM022814
明挖法地下空间工程,3273388
公共经济学,2673031
管理信息系统,0673054
地质测绘实习,9990011
岩石学,2173053
理论力学B,MECH000412
微波测量与天线测量,3143376
粉末冶金原理,1083003
法语中级口语交际II,8048532
实验设计与数据处理,1081054
毕业论文,0871054
计算机模拟,3243000
基础会计学,2671019
中国传统文学经典作品选读II,0871305
刑事侦查学（1+1）,0773021
德语二外Ⅰ,SoFL032615
现代营养与保健,SLSE016915
民事诉讼法学,0773013
课外创新实践,9991999
声乐主修6,2571161
翻译平台实训,3272010
德国文学史,3273561
货物运输组织,3273864
计量经济学,5049540
竞赛类英语阅读,SoFL010515
综合英语CⅡ,SoFL024111
毕业设计（论文）,0773043
电磁悬浮与线性驱动（含实验）,3273648
交际与礼仪,2583013
毕业论文（创业学）,9993008
认识实习(生物医学工程),MASE015113
数值计算,MATH002312
铁路车站及枢纽课程设计,3273003
宏观经济学,3271016
组织行为学（双语）,5050335
建筑表现,0981006
美术IV,3273024
心理学研究方法,6771007
信息系统项目管理课程设计,0673131
数据结构C,SIST014012
有机化学,SLSE013412
中国建筑概览,SoAD027114
数据库原理与应用（含实验）,0371041
数字图像处理,1383011
视唱练耳Ⅳ,7046900
电机拖动基础（含实验）,3273077
管理智慧与精彩人生,SoEM016214
日语会话Ⅲ,0871161
结构力学AⅡ-A,0173015
交通土建工程导论,CIVE015414
商务智能系统,0673117
固体物理,08020090
数字电子技术实验,3132100
空间设计基础与建筑制图,13040011
交通运输统计,0571046
毕业设计（论文）-车辆,0273114
公司法,7047550
钢琴副修4,2571179
英语Ⅳ(地学RSGI),0871279
认知实习,SPAL004913
计量经济软件实习,0671064
电磁场与电磁波B,3143399
大学生爱情心理学,CPRC006415
艺术类学生职业生涯规划,13020008
水污染控制工程I,2173094
理论力学AⅡ,6321920
工程制图,2173056
机械设计课程设计,0281021
毕业设计（论文）-物流工程,0573054
英语Ⅳ(艺术类),0871179
中国世界遗产漫步,FGEE022115
专业实习,9990098
机械制图综合实践,0281022
心理咨询技能训练,6773042
工程英语阅读II,0871063
传统手工艺与现代设计创新基础,MYSC001915
毕业设计（论文）-工程力学,1173025
现代汉语Ⅱ,SHUM002712
社会调查,TRAL004613
数学2,XJFY0310
机械制造技术基础,MECE002512
统计软件与实践,1271016
综合材料绘画,0973023
数学建模M,1111666
德国文化导论,SoFL031214
心理教育实习与专业发展辅导,3271076
经济学原理B,SPAL009112
微波理论与技术,3143371
仿生机械,MECE003714
运输组织学,0573005
物流市场调查分析,0583033
环境影响评价,4040520
工程数学与建模1,XJCV1560
版画基础,SoAD022812
数据结构与算法分析,TRAL014412
经济与管理,XJME2640
毕业设计（论文）-汉语国际教育,0873154
材料制备技术,1043854
环境物理,0971017
学年论文实习,3273408
振动测试与分析,6332300
毕业设计（论文）-物流管理,0573055
小提琴音乐艺术与人生,SHUM022714
管理学导论,3273367
工程测量实习 B,FGEE016413
土木工程概论与认识实习,CIVE012713
模拟电子技术A,0471003
离散数学导论,XJCO1511
壁画人物,2571098
电磁场与电磁波A,3142890
毕业设计（论文）-地质,2173078
制冷技术,3273548
能源与环境,FGEE021914
英语1101 English Compositi,SLSE009411
视频摄制与编辑基础Ⅰ,3273571
建筑设计A4-2,0973054
中法文化交流实习,9990663
画法几何及工程制图,0112200
中国古代文论,2573039
交通运输法规,0244250
电工技术与电子工程,3143405
语言学理论,3273719
固体废物处理与处置实验,9990658
工程材料学,1071020
网络控制,3273323
游泳,PHYE001015
灾难教育心理学,6773038
城市轨道交通车辆与牵引计算,0583019
通讯原理,0473108
中级财务会计,0673093
电路分析BⅠ,ELEC017212
生理心理学,CPRC000712
钢琴艺术体验与审美修养,SHUM021614
中西文化比较,3273637
人格心理学,6773006
薪酬管理,2673036
工程化学B,SLSE001112
电路与电子技术基础A,3046103
城市园林绿地系统规划,0971031
趣味数学和力学的世界,MYSC001415
非文学翻译,5778899
铁道信号工程设计,3273344
Web服务和Web数据,XJCO3011
名家名篇与人文关怀,SHUM021814
安全工程概论,FGEE001412
无机胶凝材料,1071036
景观艺术,2573087
建筑设计原理I,0100868
犯罪心理学,3273207
工程流体力学,2173001
操作系统实验,0474012
物流成本管理,0573031
思维训练与学习方法进阶,MYSC003815
数字化设计与应用,SoAD015112
高等代数AⅡ,MATH010112
拨云见物：从数据、方案到产品,MYSC002615
压力管理的艺术,CPRC006114
电路分析AⅡ（含实验）,3273470
道路工程课程设计,3273011
司法训练,3271021
交通工程,0173094
毕业设计（论文）-地信,2173075
焊接性及焊接冶金综合实验,1081036
数字信号处理,3231600
算法分析与设计,0473097
专业前沿专题讲座,MECH006913
专业软件应用,TRAL013913
唐宋诗导读,2573029
数字测图实习,FGEE020713
中国音乐史2,2571158
毕业设计（论文）-能源,0273115
计算机程序设计基础,SIST000512
马克思主义新闻思想,SHUM006812
操作系统,0471108
地理信息系统实验,2174008
沟通的艺术,SoEM016414
信号与系统,3271084
理论力学,MECH008012
形势与政策Ⅰ,MARX000311
地理信息系统原理,0341527
电子信息工程概论,0471013
统计软件应用I,9990630
建筑结构选型,0152920
从代码到实物：造你所想,SIST005515
机械制图及CADⅡ,MECE017612
从化石能源到新能源,MECE003914
地下铁道,0173054
德语口头交际Ⅰ,SoFL014512
有限元原理与应用,1173039
高分子工程实验,1071009
蛋白质及酶工程,3273154
大学物理MⅠ,PHYS009012
中医药与健康,SLSE016114
影视制作2,2583045
天然高分子改性材料及应用,1083011
绩效管理,2673035
软件工程,3243490
液压传动与控制（双语）,3273539
职场压力管理,3273302
自然的启迪：材料与力学,MYSC001215
十一人制足球理论与实践,PHYE001515
马克思主义哲学原理,MARX022812
隧道工程,0173136
单片机原理,3273118
改变从觉知开始：U型体验与感悟,SPAL013614
货物学,0571007
现代控制理论,3132500
铁道概论,CIVE014014
高电压技术,3045680
全球视野下的城市与区域发展,SPAL008315
爱上双人舞——两性交往和相处的艺术,MYSC003015
学士学位项目（毕业设计）,XJEL3875
语言学研究（双语）,3273794
材料成型加工技术基础A,1043861
军事技能,PAFD000211
应用写作,2571048
认知实习,MARX025813
微生物学实验,1671081
矿产勘查理论与方法,2173087
毕业设计（论文）-交通工程,0573053
医疗器械生物学评价与质量控制,1000401
面向对象程序设计,SIST001612
数字信号处理,1371006
岩土工程勘察实验及课程设计,3271046
翻译理论与实践AI,3273666
城轨供电系统继电保护原理,3273683
史记,SHUM020614
民法学Ⅱ,SPAL009412
理论力学B,6321800
城乡规划设计4-1,0973066
安全管理,2173100
摄影测量与遥感应用实习,3273677
交通设计,0571049
德语口语交际AⅢ,3273174
园林艺术与生态价值,SoAD027414
文学阅读的视野与方法,SHUM020714
马克思主义新闻观体认实习,SHUM009313
铁路调度指挥系统,0473015
施工图实习,9990522
燃烧学,2173099
电路分析AⅠ(含实验),ELEC003612
轨道工程B,0173201
多媒体技术,3273656
材料性能（双语）,1071111
知识产权法学,7047622
薪酬与绩效管理,0671004
工程分析中的计算机应用,XJME1010
轨道交通信号基础实验,3273104
信息视觉设计,08050015
数据库技术与应用,0473082
普通地质实习,FGEE008313
交通数据采集与处理技术,0573046
毕业设计（论文）-建环,3273310
电子测量基础,3273014
外国建筑史,0143000
ERP上机实验,0574001
生物材料合成实验技术,1000413
第二外语I(法语),0871060
生物化学,0873184
自动控制原理实验,3273575
边坡工程,0173063
火灾动力学（双语）,3273418
认知心理学,6773065
西方文学批评方法,3273669
西方文学经典,SoFL031614
功率半导体器件原理,08040111
铁路信号远程控制,3143350
计算机网络安全技术,3243260
绿色建筑学概论,0971014
现代企业管理与工业工程,MECE003214
中铁3+1系列讲座,0173264
城市轨道交通运营组织,0200371
英美文学作品选读Ⅰ,3273256
制度经济学,7045860
计算机控制系统实验,3143345
专业认识实习,3273543
激光加工技术,MASE005214
排球比赛组织与裁判法,PHYE001715
歌词创作与欣赏,SHUM016915
市场调研,0773050
硬核写作：为生活而表达,LIBR000715
交通社会学,2975005
工程沟通与交流技巧2,XJFY2010
高频电子技术,XJEL2140
综合商务英语AⅣ,3273353
发动机的前世今生,MECE004014
毕业设计（论文）,0273114
结构设计分析,XJCV1360
交通运输安全管理,0571077
运筹学A1,0200316
智能控制,3045400
环境经济学基础,4040625
电力系统暂态分析（含实验）,3273464
毕业设计（论文）-应用物理学,1373007
德语阅读与写作AII,0871127
水墨山水写生,0973022
有机化学AⅠ,SLSE010012
嵌入式Linux,0471067
认识实习,ELEC015613
现代通信原理C,0473061
素描人体,SoAD022612
发展心理学,CPRC001112
铁路信号基础实验,0473012
晶体管和光电器件,XJEL2240
毕业设计（论文,0273114
数字电子技术B,SIST001112
数理统计,1273003
普通物理学Ⅰ,PHYS000912
中国现当代文学Ⅱ,SHUM002412
英语演讲与辩论,SoFL006712
城乡规划设计2-2,0973063
轨道交通通信技术,0471080
CPA经济法,3273097
材料表面技术,1071010
法语中级写作II,8048534
微观经济学,SPAL001212
电气工程与智能控制概论,0373021
城市规划原理,0571115
机器人导论,MECE003514
实验力学,3271082
工程经济学,5039600
软件工程/综合程序设计实习,9990500
电子工艺实习,9990039
地下空间利用,0135200
基础日语综合训练Ⅱ,SoFL010812
传热及传质学,1000313
物联网技术与应用,3273577
法医知识与侦破案例,SLSE016815
岩土工程课程设计,0153823
药物化学A,3273617
材料科学基础BⅡ(双语),3271006
生物技术前沿,1673094
声乐主修8,0171094
统计软件应用II,9990631
操作系统原理与应用,5050257
中国哲学,SHUM022214
机械零件课程设计,0271026
地缘政治学,7001093
电子设计自动化（EDA）实验,3273579
德语口译AII,0871119
应用模糊数学,6032800
综合运输概论,0571009
运筹学基础,6041930
建筑线描表现艺术,2571197
现代汉语Ⅱ,SoFL024412
毕业实习与毕业设计,0200283
毕业设计（论文）-绘画,0973045
比较文学原理,2573035
社区心理实习与专业发展辅导,3273210
可靠性统计,1273027
工程数学与建模2,XJCV2560
深基坑工程,0173062
电工和电子技术基础,0373016
现代交换原理,3271061
实验室安全与规范(生物医学工程),MASE015213
城市局部地段测绘,9990152
英语教育和社会实践,0873163
数字电子技术C,0373002
工程材料学,1071114
外台英语听译II,0871262
大学语文（下）,05060008
风景园林设计初步,0973019
统计软件与应用（实验）,0774001
交通纵横,TRAL022114
声乐主修4,2571160
遥感技术,0153870
大学计算机基础A,0472006
房屋建筑工程概论,0152550
城市轨道交通专业英语,0583025
英语应用文读写,SoFL031314
课程设计B,9990286
药物化学实验,1674013
现代设计史,8001127
材料物理,1371028
职业安全技术,2173096
日语视听Ⅲ,8018230
艺术的修养,SHUM010714
运筹学B,SoEM001212
税法,3002513
铁路选线课程设计,0173203
园林植物应用实习,3273049
细胞生物学实验,6230630
建筑与环境,XJCV1160
媒体视听说,3273600
经典阅读,9990771
广告版式设计,2571139
程序设计能力综合训练,SIST018713
物流项目经济评价,0573035
计算机图形学实验,0474003
城市建设史与规划史Ⅱ,3273041
自行车旅行之道,PHYE000815
工程项目采购,3273093
中国古典文学与现代管理,SPAL013714
中国近现代史纲要,MARX000111
高级英语读译II,0871267
工程估价课程设计,3273616
媒介批评,2583018
电磁仿真软件应用实习,1386003
测试技术基础,0152640
民族民间艺术考察与创新设计实践,2583019
自动控制原理(含实验),3273472
非常规资源学,2173090
控制系统,XJEL2540
经贸翻译,0873125
仿真建模技术（含实验）,3273084
航空工程材料,1173038
细胞生物学,1671083
毕业设计（论文）-通信,0473111
消费者行为,5050246
数学建模B,6023200
建筑前期策划,0153851
政府公共关系学,3271087
日语精读2,0871165
计算机基础（下）,08030032
工程设计方法,0281012
供热工程,0281015
软件工程/网络软件开发实习,9990501
财务与成本管理,0681001
算法和数据结构2,XJCO2721
线性代数初步,MATH002012
制药设备与车间设计,08030115
工程估价与案例分析,0673098
铁路信号基础A,3100303
高分子科学实验EI,3273415
生化分离工程实验,1671019
电路分析与设计,XJEL1130
岩土工程勘察及测试技术,2173067
消防法规,4040627
机械原理课程设计,0271045
大学物理BI,PHYS001112
视觉造型基础,SoAD026312
科学研究方法M,1111658
英语Ⅱ,SoFL000512
土木工程机械概论,0275001
菲迪克条款,0873168
商品流通学,2873015
第二外语I(德语),8001080
法汉互译II,8001186
人工智能与未来生活漫谈,ELEC017714
传热学B,3273537
声乐副修4,2573150
DSP原理与应用,2050956
材料性能研究技术Ⅱ,3273063
运动、健康与材料,MASE012214
舞蹈表演II,7047814
工程地质,0320900
食品安全与健康,SLSE016515
铁道机车车辆概论,08020035
语言学概论AII,3273630
电路分析与设计Ⅱ,08040039
无机及分析化学Ⅱ,SLSE001812
RAMS理论及应用,3273342
基础力学实验A2,1110070
国际商务沟通及谈判Ⅱ,0173263
数理方程B,1271028
心理电影赏析,CPRC006515
城市公共交通系统,0571116
大学物理BⅠ,PHYS001112
建筑信息模型,7772016
空间大地测量学,3273053
计算机辅助设计,08020120
古代汉语Ⅱ,SoFL024512
工程流体力学,0137400
流行歌曲和声技法2,2571147
建筑环境测试技术,0281028
政治经济学,7012300
现代通信原理,3273603
中药药剂学,1673077
现代控制理论基础,3273081
从BIM认识建筑工程问题,CIVE022415
生命之舞,MYSC001715
视频广告策划与包装1,2571117
工程沟通与交流技巧,XJFY1000
日语快速阅读2,0871239
编程项目,XJCO1921
系统可靠性与安全性,0473099
交通安全规划,0571078
桥梁建造技术,0173144
铁路车站及枢纽,3273865
三维GIS技术基础,2171052
工程测量MII,3271003
列车运行控制实验,3273349
商务英语阅读,SoFL028112
数据结构,FGEE004512
心理学与幸福人生,CPRC005714
法语文体学,0873199
有机化学实验,SLSE002912
普通生物学,SLSE003112
汽车设计与分析,XJME3470
会计报表分析及案例研究,3273095
建筑设计A2-2,0973050
数字地形测量学,FGEE018012
集成设计项目2,XJCV2660
生物医学电子与传感技术试验,3273069
桥梁工程B,3273645
中国美术史,SoAD022912
广告创意,2572001
社会调查与社会统计,8047040
摄影测量实习,9990014
新能源技术：应用基础与前沿研究,MYSC000915
国际政治概论,7047764
世界贸易组织法,7047626
综合化学,MASE012512
人际传播,2583022
器乐主修6,2571168
食话食说,MYSC002314
人际沟通心理与艺术,CPRC006014
轻量化风暴-新材料、新工艺的革命,MASE000914
电子技术A,0371067
普通地质学,3273033
商务英语听说Ⅱ,SoFL027812
路面工程课程设计,0153825
初等数学（下）,07060003
欧洲文化入门,8047110
生物反应工程,1671022
电力电子技术（含实验）,3273076
与自然和人文对话,PHYS009714
当代社会思潮,3273406
商业数据分析,0673116
电磁场中的计算方法,3143370
基础英语（下）,05060006
基础物理（下）,07040007
信息安全工程,0371055
从PPT到答辩,MYSC000115
日语演讲及演剧,0871247
模拟电子技术实验,3122300
电机学AI,0371094
射频电子工艺实习,1386002
城市轨道交通工程维护与管理,0173113
Fortran语言及结构分析程序设计,1173022
建筑结构,0971001
知识经济与创新,SPAL013114
数据库原理与设计,3243210
日本古典文法,3273005
公司金融,0673162
传感器技术,1371009
中国古代文学Ⅱ,SHUM002112
计算机控制系统,3143344
酒店空间设计概论,2573139
马克思主义文学理论,2573030
电工技术B,ELEC015912
设计调查程序与方法,7047640
发酵工程,6230820
综合英语AⅡ,SoFL005812
经典红色电影赏析,MARX026815
爵士舞,PHYE001815
毕业设计（论文）-风景,0973041
哲学的智慧,SHUM022314
供变电技术,3273230
动态图形制作,2583006
AUTOCAD绘图知识,MECE024415
遗传学,6230600
基础会计学,SoEM001412
饮食文化与食疗养生,SLSE016014
色彩研究Ⅰ,SoAD022712
跨文化传播,2583015
物流法律法规,0200353
英语Ⅱ(艺术类),SoFL004311
毕业设计（论文）-心理,6773070
控制工程基础,2023600
无障碍环境设计概论,0153856
工地实习,9990150
心理学与生活,CPRC005614
个性化研究项目1,XJCV3750
大学语文,SHUM020314
机械综合课程设计,3273322
日本文学作品赏析,0871244
软件设计综合实验,0371092
表面工程（双语）,3273202
中级宏观经济学,3271081
电子商务概论,5050252
现代通信原理A,3273578
机械工程制图Ⅱ,MECE004412
概率论与数理统计B,1271031
中国文化元典导读,3273217
毕业设计（论文）-生物,1673095
信息图形设计,2583035
计算机组成原理B,0473031
复合材料力学,1171007
交际语言学,7020600
通用国际法律法规,0173180
岩体力学A,0341542
曲式与作品分析II,8001200
嵌入式系统设计与应用实验,0473004
毕业设计（论文）-物联网,0473115
大学物理AⅡ,6111020
工程训练A,ENTC000313
交通运输经济,3273584
英语议论文写作,0883014
光电检测技术A,6100139
建筑设计A6-1,0973057
毕业设计（论文）-统计,1273040
工程制图,08030125
中国政治思想史,7024100
认识实习,9939492
管理学导论,SoFL028512
英语语法,SoFL007512
西方政治思想史,SPAL006512
认识实习,9990058
综合商务英语Ⅱ,SoFL027312
消防规划学,2173017
时间序列分析,1273010
英语语法:学术体,SoFL022212
集成电路工艺,3143359
高级日语2,8047390
美术实习,SoAD004713
电子线路CAD,9990179
城市综合社会实践调查,9990270
西方文学经典选读Ⅱ,0871027
组合优化,XJCO3910
日本概况,SoFL013112
基础力学实验A,1171004
热力学统计物理,1371026
实验心理学,6771009
行车组织,0583012
近代物理实验Ⅰ,1374002
工程电磁场,0383021
市场调查,3273016
变态心理学,3273019
交通工程学基础,0232100
防排烟工程,2173014
物理化学A,MASE001312
高级英语B,0871111
物理化学,MASE016512
城市轨道交通工程,0173127
悦读与旅行,MYSC003115
遗传学实验,6230610
嵌入式系统设计与应用,0473003
中国概况,7001017
创新创业创青春,SoEM016714
形势与政策3,7001152
科研见习,3273866
高等代数BⅡ,MATH005712
SPSS及心理软件,6773071
职业生涯与发展规划,CPRC006314
人文地理学,2171045
英语Ⅳ,8010240
社会心理学,7021400
制药设备与车间设计实验,08010116
盾构法地下空间工程,3273390
传感器与信号检测技术(含实验),0383004
商业软件设计,9990512
计算机辅助设计3DMAX,2571196
会计综合模拟实习,9990632
设计心理学:体验与创意,MYSC000615
专业科研实践,1271013
风力与光伏发电系统,3273646
西方音乐史2,2571156
电机与运动控制系统,3100306
认识实习,9990529
组织行为学,0671027
可靠性工程,0244544
检测技术与故障诊断,3273221
采购与供应管理,2873013
基础工程与地基处理,2173068
机械设计,2030100
工程材料,XJME1280
供电系统（含实验）,3273459
固体物理,1373010
智能交通系统,0571119
毕业设计（论文）-法学,2673044
资源勘查综合实习,2173082
教育理论,0873039
比较政治制度,MARX022912
金融模拟交易实习,9990592
毕业论文(英语),8040600
科学、技术与社会,SHUM020414
西方哲学史,MARX023012
房屋钢结构,0173059
桥梁工程课程设计,0153819
计算机基础绘图,FGEE011013
无机及分析化学实验Ⅱ,SLSE002113
化工原理,1673014
高速铁路建设管理（MOOCS）,3273895
人权法,0773017
数据结构,1673097
水下隧道,0173055
建筑经济与管理,5050314
火灾科学与消防技术,08030102
数字媒体设计I,3273239
钢琴副修Ⅱ,SHUM016113
细胞生物学与分子生物学,1000396
矿物岩石学 Ⅱ 实验,08010011
中国文化,7772055
电机与控制,3273324
交通建模2,XJCV3080
编组站自动化,0471093
中药药剂学实验,1674016
《成本会计》实验课,3273607
选线设计,0173046
计算机组成实验,3273525
土木工程地质实习,9990005
建筑结构抗震设计,0147600
数字电子技术B,ELEC014312
机器人技术与实践,ENTC000515
城市轨道交通场站规划课程设计,0583027
植物生物学实验,6230934
计算机辅助电机设计实训,3273222
有机化学BⅠ,SLSE002712
交通系统仿真,3273009
基础生命科学,SLSE015512
材料力学E,6341330
英语Ⅲ,8010230
毕业设计（论文）-消防工程,2173074
建筑物理环境,3273030
走进风景园林,MYSC004015
演讲1000 Human Communicati,SLSE009611
物联网工程实习,9990600
计算机辅助设计,MECH006813
铁路线路工程,0173126
毕业设计（论文）-传播学,0773043
德语二外Ⅱ,SoFL032715
舞台实践Ⅳ,2573108
生物统计学,0873185
工程测量B,FGEE006312
计算机组成原理,3273524
规划设计能力实训,9990711
分子生物学,1043927
通用学术英语,0872008
生物工程与制药相关课程综合实践与设计,1673068
政府与非营利组织会计,0673096
环境生态学,2171064
矿山法地下空间工程,3273389
商务认知,SoFL029813
合唱·指挥·风采,SHUM021914
天然药物化学B,1673050
影视音乐赏析,SHUM023315
园林测绘,3273048
大学物理实验MⅠ,PHYS009212
工程造价认识实习,CIVE021513
建筑材料B,0111400
并行计算,XJCO3221
数字通讯,XJEL3430
竞赛类英语演讲,SoFL010415
电子工艺实习,9990613
牵引电机与电器（含实验）,3273476
法语报刊阅读II,0871075
信号分析与处理,3273615
应用物理专业实验,3273125
软件质量保证与测试,3244238
人口资源环境热点问题,2672015
风景资源学,0153921
光纤通信,0471049
形势与政策4,7001153
报刊阅读,SoFL006812
计算机联锁,3273341
矿物岩石学 Ⅱ,08020010
电力电子技术在电力系统中的应用,0383009
视频广告创作1,2571119
遇见.中外艺术之旅,CIVE022714
数字信号处理,3273414
毕业设计（论文）-德语,0873151
复变函数与积分变换,1271007
混凝土桥,0173050
油画人体,13040015
初级德语听力Ⅱ,SoFL014412
社会实践与社会调查,9990108
生物物理,3273066
工程热力学与传热学,6341587
电力电子系统建模与仿真,0383010
无损检测技术,2049270
机电液一体化技术导论,MECE003414
毕业设计（论文）-测绘,2173076
毕业设计（论文）-汉语言文学,0773045
礼仪与文化,SHUM021414
电子技术课程设计,0471052
工程英语Ⅱ,0173252
广告策划,2571046
建筑材料A,0121000
城乡规划方法,0971080
线路基础,0220300
景观植物应用,0971053
茶文化与品位生活,SLSE016415
中国现当代文学,SoFL025212
城市轨道交通地下工程设计与施工,0173037
路基工程A,3273657
日本文化及礼仪,8040200
摄影基础,2573002
工商管理类新生研讨课,SoEM004214
电机学B,0371093
认识实习,9990995
创新：方法、科技与商业的碰撞,MYSC000815
工程力学A,6341490
毕业设计（论文）-自动化,0473109
软件工程实践,1571038
项目管理（物流）,0200385
“一带一路”沿线国家国情之俄罗斯,SoFL032114
电磁兼容理论及应用,3273343
国际风俗礼仪,0873142
体育健康课程Ⅱ,PHYE000611
机器人控制（含实验）,3273080
企业家精神与管理,SoEM016314
第二语言习得入门,3273671
区域规划概论,5050010
化工原理实验,081P0117
器乐主修8,2571169
货物运输组织实验,7772013
世界建筑装饰风格与流派,2571199
商务口译Ⅱ,3273372
市政学,0773029
构造地质学实验,0174001
生产与制造,0281049
集成光电子学,3273013
现代西方文艺思潮,3273674
科技活动,3273572
英语口语MIV,3271009
计算机辅助设计II,7047658
比较文学专题研究,3273789
材料力学AⅠ,6322010
毕业设计（论文）-经济学,0673147
药品与生命的奥秘,SLSE015914
建筑力学2,0152370
信息论与编码,3273073
建筑设计A4-1,0973053
毕业设计（论文）-软件,0473114
电工与电子技术基础A,0371073
信息隐藏技术,0473035
数学分析Ⅱ,MATH002512
国际企业管理,0673151
嵌入式Linux实验,0474010
电世界名人堂,ELEC018014
工程测量AⅡ,0320120
基因工程,1671016
综合课程设计,3273602
机械工程制图综合实践,3273540
人机工程学,7047635
形势与政策7,7001156
高速铁路工程（MOOCS）,3273893
视阅口译,0871202
XJEL3875 Support,XJEL3???
经典交响乐赏析,SHUM022114
心理测量学,6773031
纳米材料和纳米技术（双语）,3273847
社会学概论A,SPAL009012
制造技术,2049230
中药分析实验,6200318
电机及控制,3271052
中国园林文化,SoAD027014
工程训练A,MECE024113
应用统计,MATH002112
路基工程B,3273659
广告摄影II,3273232
中外神话与民俗,0873043
交通管理与控制实验,0574005
电视节目策划,0773041
电子政务,7047719
艺术文论阅读与写作,2573088
保险学原理,3273613
供应链管理,0571038
工程测量A1,2171032
拓扑学基础,6041929
高等代数Ⅱ,MATH002712
工程力学,3273185
数据库原理与设计实验,3273831
公民与法律,MARX026514
铁二院3+1系列讲座,0173268
数据挖掘,XJCO2121
工程训练C,ENTC000213
国际政治概论（双语）,2971001
地方政府学（实验课）,0774005
社会保障概论,2671008
认识实习,9990999
管理会计学,3273608
二十一世纪的制造技术,MECE004214
工程电磁场B,0173208
生命与材料,MASE012314
跨文化交际与翻译,SoFL008012
法律意识与法律人生,SPAL013314
健康心理学,6773058
毕业设计（论文）-广告学,0773044
毕业设计（论文）-电科（微电）,0473112
战略管理,2671029
飞行器总体设计与系统工程,1173044
轨道工程A,3273658
物流系统规划,0244558
博弈论,0673160
软件工程项目,XJCO2913
材料成型认识实习,1086002
思考学习,MYSC002115
计算机网络与通信,3273491
通信电路（含实验）,0383030
环境流体力学,2173072
交通运输事故调查与案例分析,0571079
高分子化学,6231254
毕业设计（论文）-国贸,0673148
建筑物理实验,0984001
数据库原理与设计B,0473098
交际与文化视听说,0872024
材料科学基础AⅠ,1071013
艺术市场,2571097
法语初级口语交际Ⅱ,SoFL017712
认识实习,SoEM003413
流行文化品鉴,MYSC002215
信息检索,SPAL008712
重唱,0773037
声乐主修Ⅱ,SHUM012412
基础天文学,PHYS009514
毕业设计（论文）-电子,0373020
数值计算C,1571001
日语二外Ⅰ,SoFL032815
高速铁路桥梁与隧道工程（MOOCS）,0173202
微机与接口技术B,2050983
编校实践,SHUM005213
交通运输与铁路法理论与实践,4006521
日语跨文化交际2,0871163
中国政治思想史,SPAL006212
毕业设计（论文）-交控,0473110
混凝土结构设计原理,0171033
毕业设计（论文）-计算机,0473113
生物技术制药,1673054
音乐教学法B,2573103
环境工程微生物学,4040609
体育Ⅱ,PHYE000211
建筑施工技术,0173157
创新心理与潜能开发,07010016
对外汉语教学实践Ⅰ,0873198
聚合物表面与界面,1071044
英语听力Ⅱ,SoFL006412
工程伦理,SHUM021214
电力系统继电保护原理（含实验）,3273458
毕业实习,9993001
毕业设计（论文）,1071141
矿床地球化学,2173091
毕业实习与毕业设计,0153350
机械原理,2023500
茶与中国,MYSC001815
材料力学C,1173018
证券投资分析,5042700
构造地质学,0171009
信号与系统A,3122400
物理2：热学和电磁学,XJFY0210
流体力学A,6330700
现代通信原理实验,3133100
计算机组成原理C,0471006
可持续环境与设计,SoAD014815
财务管理,8400031
城市地理学,0153872
综合英语AⅣ,0873108
综合化学实验,MASE012612
物理化学实验B,SLSE002213
工程英语写作与笔译,3273170
高等化学,1073027
中国历史文物与考古,SHUM022514
野外综合实习,SLSE014913
机电一体化和测量系统,XJME2650
人力资源管理概论,3273534
机械设计基础C,2021100
矿产综合勘查技术,2173089
专业实验I,1384001
电磁场与电磁波（双语）,3273586
工程地质综合实习,2171066
日语多媒体视听,0871242
数学文化欣赏,MATH011814
律师与公证,7032700
毕业设计（论文）-产品,0973044
互联网搜索引擎,3273100
会计电算化,0672004
制药工艺学,1673022
公平：让团队决策更有效,TRAL022514
现代汉语语法分析,2573040
悠然见君子,MYSC002715
英语说明文读写,SoFL021812
模型基础,7047638
器乐主修4,2571167
外国传播史,2583031
网络金融,0673107
物流中心规划与设计,2873009
文学文献经典阅读,SHUM004913
测控技术导论,MECE004314
社会实践与社会调查,9990563
货物运输组织课程设计,0583016
城轨监控技术,0373024
经济法学,5020900
可穿戴医疗设备,MASE005314
数据挖掘算法,1673064
电路与电子技术基础,0371001
报刊阅读,3273625
电工与电子技术,0371088
机械设计基础B,1173019
功率半导体器件工艺,08050112
系统工程(物流),0200373
合唱与指挥II,7047806
编辑设计,2583002
列车运行控制（本、研）,0473016
社会实践,SoFL020213
英语演讲,SoFL021512
人体工学与家具设计,2571198
德语中级语法AII,3273173
产品设计方法学,3273234
园林植物栽培与养护,0973038
人工智能,XJCO2611
面向对象程序设计（含实验）,3273083
公共关系与危机管理,3273453
制造技术A,3271049
日本的社会治理与创新,SoFL010215
俄语二外Ⅰ,SoFL032415
自动化控制系统,3273157
城乡规划原理Ⅱ,0971037
室内陈设设计,0973031
武术（散打）,PHYE001415
思辨与学术视听说,0872025
汽车工程与环境保护,MECE024214
工业企业防火,2171067
现场统计实践,1271017
毕业设计,XJME3890
普通生物学实验A,SLSE013612
写作Ⅱ,SHUM002012
工程英语实用口语,0173254
第二外语I(俄语),8001084
普通物理-热学,PHYS004612
家庭心理学,3273290
生物传感器原理及应用（双语）,1071082
通信原理,XJEL2430
毕业设计（论文）-公管,2673043
英语,XJFY0100
化学原理Ⅱ实验,SLSE009912
动物保护,SLSE016315
纤维艺术,13040012
化工原理及相关课程综合实践与设计,0173175
医疗仪器与人类健康,MASE018414
毕业设计（论文）-建筑学,0973039
编程实践,MATH007213
国学经典导读,SHUM021114
用户界面与软件设计,1673065
物理电子学2,XJEL1901
建筑师业务基础与法规,0981007
有限元分析,XJME3900
CPA税法,3273096
工程测量学,0153740
工程测量与施工技术,XJCV1260
电子设计自动化(EDA),3100281
插花艺术,FGEE012215
中华才艺培训,SoFL026713
基因组与蛋白组学,1673058
土木工程试验与量测技术,0174013
科研（工程）实践Ⅰ,3273512
神奇的非晶态材料,MASE005014
古代汉语2,8047340
疲劳与断裂力学,1171008
集成设计项目1,XJCV1665
经典名著导读,LIBR000215
轨道交通工程污染控制,3273276
现代起重与工程机械技术,MECE003314
材料成型技术基础,2049440
油画创作I,3271077
铁路通信信号,0583011
接触网工程,0371011
摄影测量与遥感实习,9990654
有限元基础,1173005
仪器分析实验,6200310
心理研究大数据分析,07010014
普通测量实验,FGEE000312
工程测量实习,9990004
大学物理BⅠ(双语),PHYS001412
和声学II,7047795
药理学实验,6230990
城乡认识调查研究,9990625
交替传译Ⅱ,0872006
专业方向工程实习,9990502
公共政策分析,SPAL001812
音乐生活,SHUM023214
人生发展与电影,FGEE022015
经典纪录片欣赏,SoEM016915
材料成型加工技术基础,1043845
材料力学B,6322100
竞赛类英语写作,SoFL010315
无损检测（双语）,3273849
风景园林规划设计4-2,0973075
测控网络技术,2050955
专业认识实习（机械）,9990673
浮雕创作,2583007
电脑图文设计,SHUM007012
车辆振动,0273087
公共伦理学,2671001
有限元法基础及在土木工程中的应用,0173036
人工智能导论,SIST020214
城市社会学,7047862
幸福心理学,CPRC005814
综合课程设计,3273068
地下空间维修与养护,3273392
风景园林表现实习,0973016
面向对象程序设计,XJCO1721
毕业实习及毕业设计,0273059
专业外语,0145100
广告学概论,7146861
美术写生实习,SoAD018313
市政工程,0171078
阻燃材料,08030103
高铁科技纵横,MECE001814
酒文化与养生之道,SLSE016715
数据库与程序设计实践,1271019
数学分析AⅡ,MATH009912
概率论与数理统计,6041480
建筑设计B2-1,0973059
形势与政策Ⅱ,MARX021911
地下建筑学,3273391
工程英语Ⅲ,08030089
毕业设计（论文）-金融学,0673141
毕业设计（论文）-遥感,2173077
民族民间音乐概论2,2571154
土木工程制图Ⅱ,CIVE002512
大学物理Ⅱ,3273529
市场经济的逻辑,SoEM016014
读书写作,3273819
美术Ⅱ,SoAD001812
西方文学理论前沿,3273791
高级商务英语AⅡ,3273366
移动通信,3142200
电气防火技术,4040645
英语辩论,3273624
歌唱语音,SHUM014712
学年论文K,9990457
离散数学,SIST005912
医疗器械及设计,1071084
数据库原理与应用,SoEM001012
计算机程序实习,PHYS007613
语音学,2583048
生产实习,9990610
通信系统,XJEL1420
第二外语I(日语),8001076
高级工程数学,XJEL1704
毕业设计（论文）-电气,0373019
机车车辆与列车牵引计算,0571011
化工原理,1673028
生化分离工程,1671018
CPA审计学,0673022
建筑结构设计,0173056
结构力学AI,0173177
中药药理学,1673075
毕业设计（论文）-机制,3273308
WebGIS技术与开发,2171053
单片机原理实验,3273119
中国法制史,SPAL009212
汽车文化,MECE024315
学年论文,3273515
初级德语精读Ⅱ,SoFL014212
传感器技术B,3273511
毕业设计（论文）-法语,0873152
媒介与社会,SHUM021314
工程项目评估,6200032
社会认知实践,9990640
工程经济与管理,0571047
集成设计项目3,XJCV3860
量子力学,6131600
投资与理财思维培养,SoEM017014
创新与创业,SPAL013014
国际营销,0673178
国际金融,5039300
测绘应用程序课程设计,9990693
区块链技术及应用,SIST020115
演出实践II,9990553
计算机网络与通信,3273628
道路勘测设计,0173168
基础日语Ⅱ,SoFL010712
古代汉语Ⅳ,0871031
地基处理,0173061
物资采购与管理,3273451
材料成型加工基础（双语）,3273729
形势与政策5,7001154
行车组织课程设计,0583015
普通生物学(双语),SLSE013512
房屋建筑学,0971091
办公自动化实习,9990081
增材制造,XJME3775
电子技术B,3273128
通信工程实验,3143332
J2EE体系结构及程序设计,0471046
思考设计,FGEE021714
焊接基础实验II,3273196
社会实践,3273588
毕业设计（论文）-城规,0973040
复变函数A,3271018
对外汉语课堂教学设计和方法,0873046
ERP实习,9990249
工程CAD制图,2173095
电机学B实验,3273489
机械课程设计,0273101
计算机网络（含实验）,3273074
城乡社会综合调查研究,0971035
普通物理-电磁学,PHYS004712
英语翻译实践,9990516
理论力学M,MECH008912
交通设备控制导论,MECE000614
集成电路设计,XJEL3285
电子线路CAD,9990279
中国现当代文学作品选读,7202000
计算机编程实习,TRAL016813
药物分离工程,1673070
测量实习,0171104
中级口笔译实践,0873129
国际商务,0673170
城轨交通供电系统（含实验）,3273479
发动机设计,08020074
生产实习,3273650
水工程与岩土工程学,XJCV2470
电工基础,3045420
大学生心理健康,CPRC006214
心理学研究方法,CPRC000812
整合营销传播,8001006
法语初级视听Ⅱ,SoFL017812
马克思主义经典著作选读,3273401
包装设计,3273237
现代交流调速系统（含实验）,3273465
数据结构,3273551
课程设计,9990195
交通运输安全技术,0571076
生物学原理实验,SLSE010312
商业插图,7047676
毕业设计（论文）-数学,1273039
钢琴主修8,2571165
语言学概论,8040800
创新创业,0371104
生物信息学综合实验,1673067
刑事诉讼法学,7023500
建筑造型基础,SoAD004212
统计软件实习,0671046
工程英语阅读AII,3273610
学术讲座,3273785
设计思维,SoAD015312
城轨控制中心行车调度实验,3273450
中药学,08020119
随机过程B,6041630
毕业设计（论文）-环境工程,2173073
桥梁规划与总体设计,0173143
生产实习与综合课程设计,0281048
程序设计与算法语言,MATH001112
形体舞蹈Ⅱ,SHUM012012
硬质景观,0153883
理论力学AⅠ,MECH001712
毕业设计（论文）-环境设计,0973042
国际贸易业务实训（2）,0673158
电路和电子技术基础,0371085
工程力学,XJME2610
中国古代文学4,8047020
土建工程基础,2173003
西方当代建筑思潮（双语）,3273504
基础法语Ⅱ,SoFL017612
毕业设计（论文）-视觉,0973043
法律文书,2973008
电工实验与电子工艺实习,0271043
制造技术B,0273100
建筑设计B2-2,0973060
生物医学基础实验Ⅱ,MASE012712
毕业设计（论文）-安全工程,0573051
工程力学C,1171001
网络编程技术,0473010
生产与项目管理实习,9993204
电子市场调查实践,ELEC010513
经济与贸易类新生研讨课,SoEM000914
钢琴即兴伴奏2,8000993
轨道交通现状及前沿技术,MECE003114
数据库原理与应用,0341552
建筑表现实习,9990626
自动控制原理D,0471042
软件设计实习,SIST004913
数字系统EDA仿真设计,0473105
材料力学AⅡ,1173002
体育Ⅳ,9010140
工程制图,0112400
城市轨道交通运营管理,0583023
比较政治学,SPAL005512
风景园林规划设计4-1,0973074
语言学概论,3273581
基础化学（下）,07020009
民事审判程序模拟(实验),0771007
西方思想史经典阅读A,3273636
材料结构分析基础,1371039
摄像与编辑实习,0773039
高等数学Ⅱ,MATH011512
模拟电子技术A实验,0471031
药剂学实验,6230750
电力系统分析B,3273243
人格心理学,CPRC001012
城市轨道交通列车运行控制系统（ATC）,3273345
材料科学基础AⅡ,3271005
高级英语2,8047241
轨道交通无线通信技术,0473103
展示空间设计,0973033
保险学原理A,5050000
城乡规划管理与法规,0973013
传播研究方法,2583004
互联网+电商与创业管理,SoEM016514
建构实习,SoAD004613
音乐与人生,SHUM021514
公共传播中的语言艺术,LIBR000315
设计与制造1,XJME1206
重构跨界视野 共创智美未来,MYSC003415
英美国家概况,0875002
建筑构造Ⅰ,SoAD002012
交通基础设施防灾减灾导论,CIVE002314
毕业设计（论文）-日语,0873153
自我管理能力训练与养成,CIVE022514
第二外语III(法语),0873067
铁路站场课程设计,0583017
分子模拟与计算机辅助药物设计,1673009
日语二外Ⅱ,SoFL032915
热流体2,XJME2670
建筑环境与能源技术,MECE004114
毕业设计（论文）-成型,1073031
城轨线路课程设计,0173204
数学建模A,1271045
材料热处理（双语）,1071029
专业实习,9990538
认识实习,3271066
材料物理性能,3273061
数据库与数据分析,TRAL011112
人因工程学,2173101
全球运营管理,0673152
企业实践,0173265
人工智能基础设计实习,SIST008913
第二外语III(日语),0871208
计算机控制系统,0471012
电子工艺实习D,9990061
专题训练(法理、民法、诉讼法专题),0771005
物流工程制图,0573034
课外研学（语言翻译）,0873149
中国人文地理与区域发展,SPAL008215
地铁文化漫谈,CIVE022014
运筹学实验,2871009
专业基础实验Ⅰ,6120910
高级语言程序设计,SIST000812
数字电子技术实验B,3273522
毛泽东思想和中国特色社会主义理论体系概论Ⅱ,01020002
通风工程,3273549
3D技术与创新,MECE024514
对外汉语教学实践Ⅱ,9990710
日语视听Ⅰ,SoFL010912
德汉互译AII,0871117
焊接结构综合实验,1074007
问卷调查与数据分析,0873162
可持续景观与环境生态修复,3273046
工程实习,0471053
缆索承重桥梁,0173142
综合德语AIV,3273172
信息检索,LIBR000514
汽车电子及新能源技术,MECE000314
网络,XJCO2221
ASIC设计原理实验,0474018
土木工程制图及计算机绘图,CIVE000612
马克思主义发展史,3273403
英语基础写作Ⅱ,SoFL028212
社区心理学,3273216
城市轨道交通安全,0571027
经济法,5023600
空气调节,3273184
天然药物工程与技术,1673069
车辆有限元法,3271051
民族理论与民族政策（下）,01030008
形象与文字设计,2583037
建筑构成,SoAD006112
机械设计基础A,2021700
电工电子工艺实习,3273321
宏观经济学B,SoEM004312
药物合成反应实验,1674008
城市轨道交通线路规划与设计,0171068
城乡规划原理Ⅳ,0971079
电子设计项目,XJEL1801
城轨交通牵引系统及控制（含实验）,3273649
计算机组成原理,3273573
毕业设计（论文）-管信,0673142
机械制图A,2050720
电子实习,9990534
西方政治思想史,7047760
铁路信息系统架构,0473021
工程实习,3271023
建筑表达方法,SoAD003112
概率论与数理统计,MATH001612
计算机网络实验,1571015
生命科学导论,SLSE015814
机械振动,3273158
专业外语（建筑）,8048504
中国文化概论,SoFL000412
道路工程,0171069
钢琴主修4,2571163
毕业设计（论文）-工商,0673143
生态环境与绿色高分子材料,MASE005114
中国宗教文化,SHUM023415
初级德语语法Ⅱ,SoFL014312
GIS数量分析方法与应用,3273580
中国人的历史：《国史大纲》导读,PHYS009814
中药分析,6200317
CMF应用与设计,08040014
西方文论,2573037
毕业设计（论文）-材料,1073030
生物综合技能实验Ⅰ,1674025
工程训练综合E,9990677
超声电子技术与应用,1383012
大气污染控制工程I,2173093
程序设计训练Ⅱ,1173007
计算力学,1173026
路基路面工程,0173169
数字电子技术B实验,ELEC017412
钢结构设计原理,0171060
中国特色社会主义理论,7047917
数字电子技术实验,SIST001212
全球化与中国文化,SoFL031814
材料失效分析,1071005
古埃及象形文字探秘,SoFL010115
创新训练课,1173059
体育Ⅲ,9010130
觉知、聆听与创变的U型体验与感悟,MYSC002015
道路工程材料,0152950
电机学AI实验,3273490
艺术考察实习,0971100
高层建筑结构设计,0142000
高分子与现代生活,MASE001014
计算流体力学,1173049
医药学基础,SLSE007012
移动通信与无线通信网络,3273814
叙事学导论,2573032
城乡基础设施规划,0973009
建筑力学2,0971060
阅读与欣赏,LIBR000614
材料创造发明探秘,MASE001114
财务管理基础,0583029
数据结构B,3271035
地下工程,0171070
电路理论,08040040
遥感应用实习,9990652
ASIC设计原理,0473118
产品摄影,2571193
风景园林环境认识实习,9990672
人事心理学,6773011
人机工程,3273879
影视摄制实习,3273017
药物合成反应,6200337
学年论文B,9990107
运动、科技与智慧人生,PHYE000715
中国艺术歌曲的美,SHUM022014
电工技术A,3046104
变革与创新管理,2673020
风景园林规划设计2-1,0973070
声乐副修Ⅱ,SHUM015813
学术实习,3273802
生物工程设备及工厂设计概论,1673049
工程化学,FGEE001512
德语翻译实践,9990639
建筑结构课程设计,0173135
植物生物学,6230933
城市轨道交通高架结构设计与施工,0173044
测控系统设计与实践,3273149
国际贸易实务,5039400
中级汉语,05040009
以项目驱动的机械创新设计与实践,ENTC000615
速写风景写生实习,SoAD025313
基础英语听译Ⅱ,SoFL021212
基础工程基本原理,XJCV3510
体育赛事赏析,PHYE001115
宏观经济学A,SoEM001712
列车运行控制（本研衔接课）,08020081
生物学原理Ⅱ,SLSE010212
毕业设计（论文）-交通运输,0573052
化工原理,1671011
精品中药欣赏,SLSE015714
天然药物工程与技术实验,1673072
英语口语,SoFL001012
生产实习,0571105
经济学建模实习,0673165
人际沟通心理学,3273420
动物生物学,6230380
第二外语III(德语),0871209
城市轨道交通行车组织课程设计,0583026
商务笔译Ⅱ,3273370
文化产品开发与设计,2583034
水力学及给水工程,2173097
色彩风景写生实习,0973028
铁道概论,0210100
演出实践Ⅰ,9995289
电子工艺实习,0371117
数字电子技术A,3143250
电波传播,6100135
数学建模实践,1271012
生物工程实验,1674030
论文阅读,0883004
结构设计原理B,2171016
科学技术史,SHUM022414
职场英语,0871112
材料科学基础实验方法Ⅱ,1073023
环境保护与可持续发展,FGEE021814
塑性力学,6331600
社区管理概论A,7001036
服务营销,0673015
自动控制原理A,3273105
普通心理学导论,0873180
心理学英语论文写作（双语）,6773040
网球,PHYE001215
土木工程概论与铁道工程认识实习,CIVE014913
电子实习,1086001
英语Ⅰ,8010210
微机原理（含实验）,3273473
学术讲座,3273784
钢桥及组合结构桥梁,0173051
城轨供电系统,0373023
标志设计,7047674
仪器分析,1671046
数据库,XJCO1121
水彩实习,9990146
轨道交通信号基础,3273103
钢琴主修Ⅱ,SHUM013112
投资学,0673161
高级英语读写II,0871257
发酵工程实验,6230830
心理危机干预技术,3273293
功率半导体器件封装设计,08050113
英语说明文写作,SoFL007112
形式逻辑,SPAL005812
化工原理课程设计,08020130
生物综合技能实验Ⅱ,1674026
应用写作,MECH004415
远动监控技术（含实验）,3273641
毕业设计（论文）-制药工程,1673096
视唱练耳Ⅱ,SHUM010812
航空物流规划与设计,0583001
MATLAB上机实习,PHYS003113
发电厂电气部分（含实验）,3273463
微机与接口技术实验,6100131
城市轨道交通基础设施与设备,0583018
微机与接口技术,3273576
高速铁路规划与选线(MOOCS),3273894
企业资源计划（ERP）,0244557
毕业设计,XJCO3931
毕业设计（论文）-会计,0673144
高级英语Ⅱ,8038020
面向对象程序设计实验,0471005
生物医学综合实践,1086004
操作系统（含实验）,0371040
人力资源管理,5049380
环境监测,4040460
材料成型控制综合实验,1081031
学年论文A,9990103
土木工程地质,0153830
普通地质学(含实验),FGEE006412
电工技术与电子工程实验,2171008
商务英语听说Ⅳ,3273357
供应链管理,2871012
环境工程微生物学实验,2171059
法语文学选读II,0871077
高等数学CⅡ,MATH002412
分子生物学实验,1674012
MCU系统综合实验,3273075
卫星定位技术与方法,0341410
学年论文,3273675
固体废物处理与处置,4040618
材料力学AⅡ,6322020
专业实习E,9990256
国际商务沟通及谈判Ⅰ,0173262
材料成型专业实习,9990535
岩土工程勘察及现场测试技术,0173194
中外经典电影音乐赏析,SHUM023014
玩转知识产权,SPAL013915
土木工程概论与道桥工程认识实习,CIVE017013
商务翻译实践,3273384
专业实习,0475006
合唱与指挥Ⅳ,0773052
结构力学AⅠ,6335010
国际金融B,5050337
数学物理方法,1371020
中级法语II,0873138
与新媒体共舞：大学生网络素养提升,SoEM016814
计算结构动力学,1173014
测绘学漫谈,FGEE017814
现代通信原理B,0473060
运筹学,0673136
有限元分析,0281053
基础工程,0171074
中国传统文学经典作品选读Ⅳ,0871034
ERP原理及其应用,5049530
大学物理AⅠ,PHYS000512
专业外语,1371003
初级口笔译实践,SoFL023813
社会治理的广义情报技术体系,LIBR000814
摄影测量学基础,2173059
药理学A,1671079
土木工程概论A,0152270
金属材料过去-现在-未来,MASE000814
地下工程课程设计,0153821
建筑工程,0171075
快题实习,3273050
环境工程原理I,3273189
微分几何,1273006
城乡生态与环境规划Ⅱ,0971068
地下水动力学B,0341450
城市轨道交通综合监控及系统集成,3273347
媒介经营与管理,2583016
技术经济学,0571008
钢琴主修6,2571164
毕业设计（论文）,0873150
传播受众调查实习,0773040
专业认识实习,SLSE009113
景观植物基础,0971071
环境与工程遥感,2171048
物理化学B,SLSE001912
毛泽东思想概论A,7045270
物理化学A实验,SLSE001712
离散数学A,SIST001512
法语高级阅读写作II,3273181
传热学A,3273547
毕业设计（论文）-工业工程,0273116
景观工程与管理,0971056
电子工艺实习,0471110
形势与政策2,7001151
三维设计与制图,0273108
路网规划与系统选型,3273653
工程地质学,0173001
岩石力学,0173195
有机化学基础,MASE000512
普通心理学,FGEE022315
毕业设计（论文）-思想政治教育,0173209
中医药与健康生活,SLSE016615
复调音乐基础2,2571151
公共政策分析（实验）,0774004
经济学原理A,SPAL005912
概率论与数理统计A,MATH001712
固体力学,XJME1230
建筑设计快题训练,0971034
振动与控制,XJME2620
结构设计2,XJCV3165
普通物理实验Ⅰ,PHYS005012
土木工程概论与城市地下空间工程认识实习,CIVE018813
毕业设计（论文）-生医,1073032
哲学导论,3273422
聚合物共混改性,1071008
广告策划与设计,2583010
第二外语III(俄语),0873068
计算机图形学,3232400
供应链系统设计,0583032
日语会话Ⅰ,SoFL011312
自动控制原理A,3142870
设计与制造2,XJME2636
机械精度设计与检测基础,3271050
消防给水工程,2051041
安全心理学,0571074
比较思想政治教育,3273404
日语跨文化交际,SoFL011612
模拟电子技术A实验,3274001
数码摄影,SHUM006912
细胞工程,1673053
统计学原理与应用,2673025
翻译理论与实践AII,3271088
程序设计基础,ELEC011212
宋词之美,SHUM021714
管理经济学,SoEM016114
商务英语Ⅱ,0173266
电子实习,9990157
英语应用文写作,8048437
概率论与生物统计,SLSE013312
计算机控制技术（含实验）,0371047
结构力学D,6335300
岩土工程,0152290
毕业设计（论文）,0473109
药理学B,3273859
智能建筑,0981010
焊接结构,0173213
建筑设计基础Ⅱ,SoAD001912
法语中级视听II,8048530
工效学与作业设计,3273129
单片机原理与应用,0473094
理论力学,3273510
普通生物学实验B,SLSE003212
心理统计学,CPRC000912
遥感原理与应用,2171040
外国法制史A,7047625
心理学导论Ⅱ,CPRC000612
药剂学A,3273860
汉译英基础笔译,3273167
城轨供变电技术(含低压配电),3273692
应用光学,1383008
俄语二外Ⅱ,SoFL032515
数学建模B,MATH002212
编译原理,3273526
EAP员工援助计划,3273209
土地管理与地籍测量,0153100
毕业设计（论文）-音乐,0773046
德语阅读与写作AIV,3273176
现代通信原理,3133000
外语强化实习,9990694
毕业设计（论文）-工程管理,0673146
交通工程学,0573045
日汉笔译,0871237
生产实习,9990495
品牌广告战略,2571112
工程测量C,FGEE016612
中药炮制学,1673076
轨道交通建设与装备,MECE001314
分子模拟与计算机辅助药物设计实验,1674023
城市公共艺术设计,0973024
计算机网络,3241400
古建筑测绘实习,9990145
空气动力学,1173041
书籍设计,3273235
半导体物理,0473049
微生物学A,1671080
焊接无损检测及服役安全评价,MASE005514
粉末冶金原理,08020018
数字通信原理A,3273587
对外汉语教学概论,0873041
精密工程测量与变形监测,3273188
材料工程检测技术,1083002
交通运输专业基础实验,0583014
偏微分方程,1273032
证据法学,7633220
物流成本管理（会计）,3273621
器乐主修Ⅱ,SHUM013812
功能高分子材料,1071006
铁道信号与列控概论,SIST019612
概率论与数理统计,1271006
工程热力学与传热学实验,6341588
项目管理概论,2673011
风景园林规划设计2-2,0973071
高速铁路运营与维护（MOOCS）,3273898
日文写作II,8048453
专业实习,3273634
微处理器和可编程逻辑,XJEL2665
热流体3,XJME3496
日语语言实践,SoFL013813
材料性质：水、土、钢、木,XJCV1460
高级语言程序设计实验,0474025
多媒体技术,3273527
广播电视学,7047821
财务管理,5048400
电气测量技术（含实验）,3273455
电子测量技术（含实验）,0371005
心理健康教育实验技能训练,3273206
线性代数B,MATH000112
振动力学,6332200
城市与轨道交通,MECE002014
企业内部创业,2671012
欧盟与中国,SoFL031514
物流学,0571111
俄罗斯影视欣赏,SoFL032315
毕业实习,0771009
智能生活与未来世界,MASE005414
形势与政策6,7001155
测度与概率基础,1273011
诺贝尔文学奖作家作品,SHUM020814
毕业设计（论文）-商务英语,05080001
市场营销渠道,3273090
日语精读综合训练2,0871234
交通运输安全系统工程,0571073
人机工程实验,3273880
图形创意,7047669
计算机处理器,XJCO1212
合唱体验与艺术实践,SHUM022614
综合英语BⅡ,SoFL020612
影视艺术概论,2573061
物联网技术与应用实验,0473068
测试技术基础（全英文）,3273538
交通运输安全法规,0571075
外国文学史Ⅱ,7046240
西方现代化视角下的英美文学,SoFL004515
穿戴式移动医疗,MASE012414
毕业设计（论文）-测控,3273309
数据库技术与应用实验,0474020
认识实习,MASE008713
专题研讨班Ⅰ,MATH011213
刑事审判程序模拟(实验),0771006
城市轨道交通控制,0473062
高铁经济学导论,SoEM014614
数字图像处理（含实验）,0371053
毕业设计（论文）-政治学与行政学,2673045
魅力器乐,SHUM022914
建筑法与房地产法理论与实践,7001121
商务综合操作实务,3273385
歌曲作法2,2571083
制药工程综合实验,1673048
中外美术史,2571204
交通管理与控制,3273008
健康与疾病,SLSE015614
计算方法,1673087
专业外语（景观）,8048506
信息论与编码,0471105
网络广告设计与制作,2571111
道路工程,0232600
热流体1,XJME1215
城轨车站运作管理实验,3273449
电力电子装置与控制,0383011
面向对象程序设计,0471004
德语词汇学,0873064
产品设计程序实习,9990555
数字电子和微控制器,XJEL1620
毕业实习与毕业设计（土木）,0100812
经济学智慧与中国实践,SoEM015914
锅炉与锅炉房设备,2050020
马克思主义基本原理,7001062
列控与调度系统实验,0173207
综合英语Ⅳ,8011340
交通系统仿真实验,0571123
建筑设计A6-2,0973058
生物医学工程实验安全与规范,1081057
大学物理实验Ⅰ,PHYS000712
建筑设计A2-1,0973049
桥梁工程A,3273644
信号与系统（含实验）,3273471
微波遥感原理与应用,2171057
思想道德修养与法律基础,MARX000411
团体与艺术心理辅导,07010013
生产实习,9991633
交通规划与建模,XJCV2080
艺术概论,3273514
列车运行控制系统,0473076
广告文案写作,2573120
交通工具设计,2573045
中华名相之管仲管理思想,SHUM020914
泛函分析,1273002
人机交互技术,0471076
办公空间设计,7001216
EDA技术,3273138
魅力物理,PHYS009614
媒介实习,3273803
项目管理软件,0673067
多媒体技术及应用,0471018
社会学概论,MARX022712
计算机网络工程实验,0471024
高级语言程序设计,0471078
自动控制原理B,3143160
管理学原理B,3273506
自动控制原理实验A,3143337
城乡规划设计4-2,0973067
工程数学,XJME1520
生物医学工程基础,1043921
材料分析测试,1073029
商务英语写作Ⅱ,3273361
舞蹈鉴赏与训练,SHUM023114
电子系统设计与实践,ELEC017815
高端机械装备漫谈,MECE003614
刑法学Ⅱ,SPAL009312
多元统计,6041932
城乡规划设计2-1,0973062
西方哲学专题,3273799
城乡道路与交通规划Ⅰ,0973010
电路分析BⅡ,3006655
毕业设计（论文）-电信,1373006
政治学原理,SPAL000112
美国文学史,3273668
对位法基础II,7042266
电磁场与电磁波,3120247
认识实习,SPAL011913
网络思想政治教育,3273405
体育（下）,07020005
工程实习,3273499
半导体物理,08030114
网络与新媒体概论,SHUM007112
数学建模C,MATH001812
化学原理Ⅱ,SLSE009712
环境监测实验,4040611
纳米科技与生活,MYSC000715
组织传播,3273569
汽车构造与道路基础,0571069
宪法与行政法,SPAL001612
击剑（重剑）,PHYE001315
社会调查实习,0671047
制药企业见习,9990572
认识实习G,9990156
设计基础,SoAD015212
科技德语,0871142
专业实习,9990533
信息系统项目管理,5000640
高等数学Ⅰ,MATH000812
嵌入式系统项目,XJEL2645
机械工程制图综合实践A,9990487
软件工程导论,1571014
德文办公自动化,SoFL017213
状态监测与故障诊断,3273143
